{"cameraMode":{"drawMode":0,"name":"Shaded","section":"Shading Mode"},"sceneLighting":true,"audioPlay":false,"sceneViewState":{"m_AlwaysRefresh":false,"showFog":true,"showSkybox":true,"showFlares":true,"showImageEffects":true,"showParticleSystems":true,"showVisualEffectGraphs":true,"m_FxEnabled":true},"in2DMode":false,"pivot":{"x":-1.656735897064209,"y":4.647804260253906,"z":-12.321648597717286},"rotation":{"x":0.010567587800323964,"y":-0.9894043207168579,"z":0.09858234971761704,"w":0.10606376826763153},"size":6.409515857696533,"orthographic":false}